,Filenames
1,final_features/TCGA-25-1878.csv
2,final_features/TCGA-23-2643.csv
3,final_features/TCGA-23-1809.csv
4,final_features/TCGA-25-1313.csv
5,final_features/TCGA-23-1028.csv
6,final_features/TCGA-23-2079.csv
7,final_features/TCGA-23-2078.csv
8,final_features/TCGA-23-1029.csv
9,final_features/TCGA-25-1312.csv
10,final_features/TCGA-5X-AA5U.csv
11,final_features/TCGA-25-2396.csv
12,final_features/TCGA-23-2084.csv
13,final_features/TCGA-23-2641.csv
14,final_features/TCGA-25-2397.csv
15,final_features/TCGA-25-2393.csv
16,final_features/TCGA-23-2645.csv
17,final_features/TCGA-25-1329.csv
18,final_features/TCGA-25-1315.csv
19,final_features/TCGA-23-2081.csv
20,final_features/TCGA-25-1314.csv
21,final_features/TCGA-25-1328.csv
22,final_features/TCGA-25-2392.csv
23,final_features/TCGA-25-2409.csv
24,final_features/TCGA-25-1316.csv
25,final_features/TCGA-25-1317.csv
26,final_features/TCGA-25-2408.csv
27,final_features/TCGA-23-2647.csv
28,final_features/TCGA-25-2391.csv
29,final_features/TCGA-25-1628.csv
30,final_features/TCGA-23-1117.csv
31,final_features/TCGA-57-1582.csv
32,final_features/TCGA-25-2042.csv
33,final_features/TCGA-57-1583.csv
34,final_features/TCGA-23-1116.csv
35,final_features/TCGA-42-2593.csv
36,final_features/TCGA-42-2587.csv
37,final_features/TCGA-42-2591.csv
38,final_features/TCGA-23-1114.csv
39,final_features/TCGA-42-2590.csv
40,final_features/TCGA-OY-A56P.csv
41,final_features/TCGA-23-1111.csv
42,final_features/TCGA-57-1585.csv
43,final_features/TCGA-23-1110.csv
44,final_features/TCGA-OY-A56Q.csv
45,final_features/TCGA-57-1586.csv
46,final_features/TCGA-23-1107.csv
47,final_features/TCGA-23-1113.csv
48,final_features/TCGA-42-2582.csv
49,final_features/TCGA-25-1635.csv
50,final_features/TCGA-23-1122.csv
51,final_features/TCGA-57-1992.csv
52,final_features/TCGA-57-1993.csv
53,final_features/TCGA-23-1123.csv
54,final_features/TCGA-25-1634.csv
55,final_features/TCGA-23-1109.csv
56,final_features/TCGA-23-1121.csv
57,final_features/TCGA-23-1120.csv
58,final_features/TCGA-25-1623.csv
59,final_features/TCGA-25-1627.csv
60,final_features/TCGA-42-2589.csv
61,final_features/TCGA-25-1633.csv
62,final_features/TCGA-23-1118.csv
63,final_features/TCGA-WR-A838.csv
64,final_features/TCGA-57-1994.csv
65,final_features/TCGA-23-1119.csv
66,final_features/TCGA-25-1632.csv
67,final_features/TCGA-42-2588.csv
68,final_features/TCGA-25-1626.csv
69,final_features/TCGA-25-1630.csv
70,final_features/TCGA-25-1625.csv
71,final_features/TCGA-25-1631.csv
72,final_features/TCGA-25-1871.csv
73,final_features/TCGA-25-1326.csv
74,final_features/TCGA-23-1021.csv
75,final_features/TCGA-25-2404.csv
76,final_features/TCGA-25-1870.csv
77,final_features/TCGA-23-2649.csv
78,final_features/TCGA-25-1325.csv
79,final_features/TCGA-25-1319.csv
80,final_features/TCGA-23-1022.csv
81,final_features/TCGA-23-2072.csv
82,final_features/TCGA-23-1023.csv
83,final_features/TCGA-25-1318.csv
84,final_features/TCGA-25-1324.csv
85,final_features/TCGA-25-1877.csv
86,final_features/TCGA-25-1320.csv
87,final_features/TCGA-23-1027.csv
88,final_features/TCGA-23-2077.csv
89,final_features/TCGA-23-1026.csv
90,final_features/TCGA-23-1032.csv
91,final_features/TCGA-25-1321.csv
92,final_features/TCGA-59-A5PD.csv
93,final_features/TCGA-25-2399.csv
94,final_features/TCGA-25-2400.csv
95,final_features/TCGA-25-1323.csv
96,final_features/TCGA-23-1024.csv
97,final_features/TCGA-23-1030.csv
98,final_features/TCGA-3P-A9WA.csv
99,final_features/TCGA-23-1031.csv
100,final_features/TCGA-25-1322.csv
101,final_features/TCGA-25-2401.csv
102,final_features/TCGA-25-2398.csv
